kind,current_slug,assigned_slug
candle,apple-bottom-jeans-candle-apple-pear,apple-bottom-jeans-candle
candle,apple-scented-candle-uk-apple-strudel-luxury-bakery-candle,apple-strudel-candle
candle,arabian-nights-oud-candle-uk-arabian-nights-luxury-masculine-candle,arabian-nights-oud-candle
candle,bad-boy-candle-leather-candle,bad-boy-leather-candle
candle,battenberg-scented-candle-uk-sweet-almond-cake-candle,battenberg-candle
candle,battenberg-wax-melts-uk-sweet-cake-scented-wax-melts,battenberg-wax-melts
candle,bounty-hunter-coconut-scented-candle,bounty-hunter-coconut-candle
candle,burnt-out-lemongrass-ginger-candle-uk-fresh-spa-luxury-candle,burnt-out-lemongrass-candle
candle,candle-scent-samples,candle-scent-samples
candle,cappuccino-1-sugar-coffee-candle,cappuccino-coffee-candle
candle,cashmere-outside-scented-candle,cashmere-outside-candle
candle,cherry-picker-cherry-amaretto-candle,cherry-picker-candle
candle,cinnamon-scented-candle-uk-warm-spiced-luxury-candle,cinnamon-candle
candle,cuban-tobacco-candle-uk-tobacco-oak-masculine-candle,cuban-tobacco-candle
candle,egyptian-amber-candle-uk-warm-oriental-masculine-candle,egyptian-amber-candle
candle,forager-berry-mix-candle,forager-berry-candle
candle,full-steam-ahead-steam-train-scented-masculine-candle,full-steam-ahead-candle
candle,garden-party-candle-elderflower-lily,garden-party-candle
candle,gentle-giant-bergamot-eucalyptus-candle-uk-fresh-spa-masculine-candle,gentle-giant-candle
candle,grass-scented-candle-uk-fresh-masculine-luxury-candle,grass-candle
candle,hawaiian-shirt-pineapple-coconut-candle-uk-tropical-luxury-scented-candle,hawaiian-shirt-candle
candle,hearth-sandalwood-candle-uk-mandarin-sandalwood-masculine-candle,hearth-sandalwood-candle
candle,honey-im-home-honey-tobacco-candle,honey-im-home-candle
candle,life-gave-me-lemons-lemon-candle,lemon-candle
candle,life-is-sweet-caramel-candle,caramel-candle
candle,lost-at-sea-ocean-sea-salt-candle-uk-fresh-masculine-coastal-candle,lost-at-sea-candle
candle,lumberjack-pine-candle,lumberjack-pine-candle
candle,massage-candle-mandarin-sandalwood-scented,massage-candle
candle,midnight-bloom-candle-black-iris-musk,midnight-bloom-candle
candle,spring-clean-candle-cotton-fresh-linen,spring-clean-candle
candle,takes-two-to-mango-mango-candle,mango-candle
candle,whisky-scented-candle-uk-luxury-masculine-candle,whisky-candle
candle,wild-mint-mint-candle-uk-fresh-masculine-spa-scented-candle,wild-mint-candle
blanket,cozy-wearable-blanket-hoodie,wearable-blanket-hoodie
blanket,knitted-fitted-sheet-blended-stretcher-sheets,knitted-fitted-sheet
blanket,luxurious-milk-fleece-queen-fitted-sheet-cozy-grey,milk-fleece-sheet-grey
blanket,luxurious-milk-fleece-queen-fitted-sheet-cozy-grey-2,milk-fleece-sheet-grey-alt
blanket,nneags-2x-coffee-textured-knitted-throw-blanket-warm-cozy-woven-cover-couch-bed-sofa-home-decor-with-tassels,throw-coffee-textured-2x
blanket,nneags-blue-acrylic-knitted-throw-blanket-solid-fringed-warm-cozy-woven-cover-couch-bed-sofa-home-decor,throw-blue-acrylic
blanket,nneags-coffee-acrylic-knitted-throw-blanket-solid-fringed-warm-cozy-woven-cover-couch-bed-sofa-home-decor,throw-coffee-acrylic
blanket,nneags-coffee-textured-knitted-throw-blanket-warm-cozy-woven-cover-couch-bed-sofa-home-decor-with-tassels,throw-coffee-textured
blanket,nneags-green-acrylic-knitted-throw-blanket-solid-fringed-warm-cozy-woven-cover-couch-bed-sofa-home-decor,throw-green-acrylic
blanket,nneags-green-diamond-pattern-knitted-throw-blanket-warm-cozy-woven-cover-couch-bed-sofa-home-decor-with-tassels,throw-green-diamond
blanket,nneags-grey-acrylic-knitted-throw-blanket-solid-fringed-warm-cozy-woven-cover-couch-bed-sofa-home-decor,throw-grey-acrylic
blanket,nneags-mustard-textured-knitted-throw-blanket-warm-cozy-woven-cover-couch-bed-sofa-home-decor-with-tassels,throw-mustard-textured
blanket,nneags-orange-acrylic-knitted-throw-blanket-solid-fringed-warm-cozy-woven-cover-couch-bed-sofa-home-decor,throw-orange-acrylic
blanket,nneags-pink-acrylic-knitted-throw-blanket-solid-fringed-warm-cozy-woven-cover-couch-bed-sofa-home-decor,throw-pink-acrylic
blanket,nneags-pink-textured-knitted-throw-blanket-warm-cozy-woven-cover-couch-bed-sofa-home-decor-with-tassels,throw-pink-textured
blanket,nneags-teal-acrylic-knitted-throw-blanket-solid-fringed-warm-cozy-woven-cover-couch-bed-sofa-home-decor,throw-teal-acrylic
blanket,nneags-white-acrylic-knitted-throw-blanket-solid-fringed-warm-cozy-woven-cover-couch-bed-sofa-home-decor,throw-white-acrylic
blanket,nneags-yellow-acrylic-knitted-throw-blanket-solid-fringed-warm-cozy-woven-cover-couch-bed-sofa-home-decor,throw-yellow-acrylic
